Ticker,Name,Asset Class,Weight (%),Price,Shares,Market Value,Notional Value,Sector,SEDOL,ISIN,Exchange
AAPL*,APPLE INC,Equity,3.1276,487.05,2790023,$1358880702,-,Information Technology,B011001,US0378331005,Bolsa Mexicana De Valores (Mexican Stock Exchange)
XOM,EXXON MOBIL CORP,Equity,2.6513,87.16,13216577,$1151956851,-,Energy,2326618,US30231G1022,New York Stock Exchange Inc.
MSFT,MICROSOFT CORP,Equity,1.7174,33.40,22340387,$746168926,-,Information Technology,2588173,US5949181045,NASDAQ
JNJ,JOHNSON & JOHNSON,Equity,1.6605,86.41,8349083,$721444262,-,Health Care,2475833,US4781601046,New York Stock Exchange Inc.
GEC,GENERAL ELECTRIC CO.,Equity,1.6369,23.14,30734745,$711201999,-,Industrials,5254471,US3696041033,Deutsche Boerse Ag
CVX,CHEVRON CORP,Equity,1.5975,120.43,5763322,$694076868,-,Energy,2838555,US1667641005,New York Stock Exchange Inc.
GOOGL,GOOGLE INC CLASS A,Equity,1.5569,846.90,798736,$676449518,-,Information Technology,B84V7F8,US38259P5089,Spot Regulated Market - Bvb
PG,PROCTER & GAMBLE,Equity,1.4605,77.89,8146617,$634539998,-,Consumer Staples,2704407,US7427181091,New York Stock Exchange Inc.
BRKB,BERKSHIRE HATHAWAY INC CLASS B,Equity,1.3880,111.22,5422386,$603077771,-,Financials,2073390,US0846707026,New York Stock Exchange Inc.
WFC*,WELLS FARGO CO,Equity,1.3843,41.08,14640712,$601440449,-,Financials,B045BZ2,US9497461015,Bolsa Mexicana De Valores (Mexican Stock Exchange)
JPM,JPMORGAN CHASE,Equity,1.3066,50.53,11234490,$567678780,-,Financials,0190031,US46625H1005,London Stock Exchange
IBM,INTERNATIONAL BUSINESS MACHINES CO,Equity,1.2997,182.27,3098032,$564678293,-,Information Technology,2005973,US4592001014,New York Stock Exchange Inc.
PFE,PFIZER INC,Equity,1.2879,28.21,19835097,$559548086,-,Health Care,2684703,US7170811035,New York Stock Exchange Inc.
T,AT&T INC,Equity,1.2451,33.83,15991199,$540982262,-,Telecommunication Services,2831811,US00206R1023,New York Stock Exchange Inc.
BAC,BANK OF AMERICA CORP,Equity,1.0413,14.12,32042314,$452437474,-,Financials,BHZL9B0,US0605051046,Swiss Exchange
C,CITIGROUP INC,Equity,1.0061,48.33,9044408,$437116239,-,Financials,2297907,US1729674242,New York Stock Exchange Inc.
KO,COCA-COLA,Equity,1.0004,38.18,11384648,$434665861,-,Consumer Staples,2206657,US1912161007,New York Stock Exchange Inc.
MRK,MERCK & CO INC,Equity,0.9769,47.29,8975224,$424438343,-,Health Care,2778844,US58933Y1055,New York Stock Exchange Inc.
PM,PHILIP MORRIS INTERNATIONAL INC,Equity,0.9336,83.44,4861266,$405624035,-,Consumer Staples,B2PKRQ3,US7181721090,New York Stock Exchange Inc.
VZ,VERIZON COMMUNICATIONS INC,Equity,0.9274,47.38,8504040,$402921415,-,Telecommunication Services,2090571,US92343V1044,New York Stock Exchange Inc.
CSCO,CISCO SYSTEMS INC,Equity,0.8522,23.31,15884829,$370275364,-,Information Technology,2198163,US17275R1023,NASDAQ
PEP,PEPSICO INC,Equity,0.8435,79.73,4596305,$366463398,-,Consumer Staples,2681511,US7134481081,New York Stock Exchange Inc.
WMT,WALMART STORES INC,Equity,0.8179,72.98,4869552,$355379905,-,Consumer Staples,2961280,US9311421039,Bolsa De Valores De Lima
ORCL,ORACLE CORP,Equity,0.8008,31.86,10920938,$347941085,-,Information Technology,2661568,US68389X1054,New York Stock Exchange Inc.
QCI,QUALCOMM,Equity,0.7834,66.28,5135439,$340376897,-,Information Technology,5382468,US7475251036,Deutsche Boerse Ag
CMCSA,COMCAST A CORP,Equity,0.7582,42.09,7827090,$329442218,-,Consumer Discretionary,2044545,US20030N1019,NASDAQ
DIS,WALT DISNEY,Equity,0.7494,60.83,5352879,$325615630,-,Consumer Discretionary,2270726,US2546871060,New York Stock Exchange Inc.
INCO,INTEL CORPORATION CORP,Equity,0.7475,21.98,14775079,$324756236,-,Information Technology,5923652,US4581401001,Nyse Euronext - Euronext Amsterdam
HD,HOME DEPOT INC,Equity,0.7444,74.49,4341812,$323421576,-,Consumer Discretionary,2434209,US4370761029,New York Stock Exchange Inc.
SLBA,SCHLUMBERGER LTD.,Equity,0.7361,80.94,3951356,$319822755,-,Energy,4779232,AN8068571086,Nyse Euronext - Euronext Amsterdam
AMZN,AMAZON COM INC,Equity,0.7000,280.98,1082467,$304151578,-,Consumer Discretionary,2000019,US0231351067,NASDAQ
MCD,MCDONALDS CORP,Equity,0.6471,94.36,2979745,$281168738,-,Consumer Discretionary,2550707,US5801351017,New York Stock Exchange Inc.
GILD,GILEAD SCIENCES INC,Equity,0.6289,60.27,4533497,$273233864,-,Health Care,2369174,US3755581036,NASDAQ
VISA,VISA INC,Equity,0.6047,174.42,1506288,$262726753,-,Information Technology,B73HHS3,US92826C8394,Spot Regulated Market - Bvb
UTX,UNITED TECHNOLOGIES CORP,Equity,0.5791,100.10,2513702,$251621570,-,Industrials,2915500,US9130171096,New York Stock Exchange Inc.
AMGN,AMGEN INC,Equity,0.5589,108.94,2228988,$242825953,-,Health Care,2023607,US0311621009,NASDAQ
COP,CONOCOPHILLIPS,Equity,0.5545,66.30,3633864,$240925183,-,Energy,2685717,US20825C1045,New York Stock Exchange Inc.
UNH,UNITEDHEALTH GROUP INC,Equity,0.5006,71.74,3031510,$217480527,-,Health Care,2917766,US91324P1021,New York Stock Exchange Inc.
MMM,3M CO,Equity,0.4933,113.58,1887160,$214343633,-,Industrials,2595708,US88579Y1010,New York Stock Exchange Inc.
UNP,UNION PACIFIC CORP,Equity,0.4903,153.54,1387349,$213013565,-,Industrials,2914734,US9078181081,New York Stock Exchange Inc.
CVS,CVS HEALTH CORP,Equity,0.4862,58.05,3638985,$211243079,-,Consumer Staples,2577609,US1266501006,New York Stock Exchange Inc.
OXY,OCCIDENTAL PETROLEUM CORP,Equity,0.4861,88.21,2394393,$211209407,-,Energy,2655408,US6745991058,New York Stock Exchange Inc.
BA,BOEING,Equity,0.4854,103.92,2029337,$210888701,-,Industrials,2108601,US0970231058,New York Stock Exchange Inc.
AEC1,AMERICAN EXPRESS ORD,Equity,0.4702,71.91,2840779,$204280418,-,Financials,4028440,US0258161092,Boerse Berlin
AIG*,AMERICAN INTERNATIONAL GROUP INC,Equity,0.4692,46.46,4387787,$203856584,-,Financials,B00PHX6,US0268747849,Bolsa Mexicana De Valores (Mexican Stock Exchange)
BMY,BRISTOL MYERS SQUIBB,Equity,0.4684,41.69,4881752,$203520241,-,Health Care,2126335,US1101221083,New York Stock Exchange Inc.
MO,ALTRIA GROUP INC,Equity,0.4655,33.88,5969841,$202258213,-,Consumer Staples,2692632,US02209S1033,New York Stock Exchange Inc.
ABBV,ABBVIE INC.,Equity,0.4616,42.61,4706891,$200560626,-,Health Care,B8S0P46,US00287Y1091,Nyse Euronext - Euronext Paris
USB,US BANCORP,Equity,0.4571,36.13,5497248,$198615570,-,Financials,2736035,US9029733048,New York Stock Exchange Inc.
GS,GOLDMAN SACHS GROUP INC,Equity,0.4485,152.13,1280993,$194877465,-,Financials,2407966,US38141G1040,New York Stock Exchange Inc.
F,FORD MOTOR ORD,Equity,0.4354,16.19,11683653,$189158342,-,Consumer Discretionary,4232490,US3453708600,Swiss Exchange
MA,MASTERCARD INC CLASS A,Equity,0.4335,606.08,310741,$188333905,-,Information Technology,B121557,US57636Q1040,New York Stock Exchange Inc.
ALD,HONEYWELL INTERNATIONAL,Equity,0.4282,79.57,2338367,$186063862,-,Industrials,4020822,US4385161066,Boerse Berlin
FOXA,TWENTY FIRST CENTURY FOX INC CLASS,Equity,0.4266,31.33,5915764,$185340886,-,Consumer Discretionary,BBM4S68,US90130A1016,NASDAQ
UPS,UNITED PARCEL SERVICE INC CLASS B,Equity,0.4159,85.58,2111653,$180715264,-,Industrials,2517382,US9113121068,New York Stock Exchange Inc.
CELG,CELGENE CORP,Equity,0.3994,139.98,1239683,$173530826,-,Health Care,2182348,US1510201049,NASDAQ
EBAY,EBAY INC,Equity,0.3994,49.99,3471311,$173530837,-,Information Technology,2293819,US2786421030,NASDAQ
TWX*,TIME WARNER INC,Equity,0.3860,60.53,2770449,$167695278,-,Consumer Discretionary,B3QHV68,US8873173038,Bolsa Mexicana De Valores (Mexican Stock Exchange)
KTF,MONDELEZ INTERNATIONAL INC CLASS A,Equity,0.3744,30.67,5303211,$162649481,-,Consumer Staples,B8FQR30,US6092071058,Boerse Stuttgart
CAT,CATERPILLAR INC.,Equity,0.3712,82.54,1954006,$161283655,-,Industrials,4516310,US1491231015,Swiss Exchange
EMC,EMC CORP,Equity,0.3705,25.78,6243464,$160956502,-,Information Technology,2295172,US2686481027,New York Stock Exchange Inc.
-,BLACKROCK FDS III,Cash,0.3627,1.00,157565784,$157565784,-,S-T Securities,-,-,-
SBUX,STARBUCKS CORP,Equity,0.3611,70.52,2225023,$156908622,-,Consumer Discretionary,2842255,US8552441094,NASDAQ
MDT,MEDTRONIC PLC,Equity,0.3580,51.75,3005667,$155543267,-,Health Care,2575465,US5850551061,New York Stock Exchange Inc.
MON,MONSANTO,Equity,0.3574,97.89,1586483,$155300821,-,Materials,2654320,US61166W1018,New York Stock Exchange Inc.
4XS,EXPRESS SCRIPTS HOLDING CO,Equity,0.3567,63.88,2426008,$154973391,-,Health Care,B7WDD51,US30219G1085,Deutsche Boerse Ag
DD,E I DU PONT DE NEMOURS,Equity,0.3565,56.62,2735517,$154884973,-,Materials,2018175,US2635341090,New York Stock Exchange Inc.
ABT,ABBOTT LABORATORIES,Equity,0.3554,33.33,4632828,$154412157,-,Health Care,2002305,US0028241000,New York Stock Exchange Inc.
LLY,ELI LILLY,Equity,0.3486,51.40,2946275,$151438535,-,Health Care,2516152,US5324571083,New York Stock Exchange Inc.
CL,COLGATE-PALMOLIVE,Equity,0.3465,57.77,2605636,$150527592,-,Consumer Staples,2209106,US1941621039,New York Stock Exchange Inc.
MWZ,METLIFE INC,Equity,0.3460,46.19,3254262,$150314362,-,Financials,5949841,US59156R1086,Deutsche Boerse Ag
BIIB,BIOGEN INC,Equity,0.3459,213.02,705515,$150288805,-,Health Care,2455965,US09062X1037,NASDAQ
LOW,LOWES COMPANIES INC,Equity,0.3361,45.82,3186991,$146027928,-,Consumer Discretionary,2536763,US5486611073,New York Stock Exchange Inc.
COST,COSTCO WHOLESALE CORP,Equity,0.3342,111.87,1297807,$145185669,-,Consumer Staples,2701271,US22160K1051,NASDAQ
PCLN,PRICELINE GROUP INC/THE,Equity,0.3311,938.53,153283,$143860694,-,Consumer Discretionary,2779063,US7415034039,NASDAQ
ACN,ACCENTURE PLC,Equity,0.3213,72.25,1931969,$139584760,-,Information Technology,B4BNMY3,IE00B4BNMY34,New York Stock Exchange Inc.
DUK,DUKE ENERGY CORP,Equity,0.3167,65.60,2097341,$137585570,-,Utilities,B7VD3F2,US26441C2044,New York Stock Exchange Inc.
AAZ,ANADARKO PETROLEUM,Equity,0.3136,91.42,1490265,$136240026,-,Energy,5864676,US0325111070,Boerse Berlin
NKE,NIKE INC CLASS B,Equity,0.3110,62.82,2151063,$135129778,-,Consumer Discretionary,2640147,US6541061031,New York Stock Exchange Inc.
SPG,SIMON PROPERTY GROUP REIT INC,Equity,0.3097,145.63,923963,$134556732,-,Financials,2812452,US8288061091,New York Stock Exchange Inc.
DOW,DOW CHEMICAL,Equity,0.3094,37.40,3594623,$134438900,-,Materials,2278719,US2605431038,New York Stock Exchange Inc.
EMR,EMERSON ELECTRIC,Equity,0.2968,60.37,2136347,$128971268,-,Industrials,2313405,US2910111044,New York Stock Exchange Inc.
HPQ,HEWLETT PACKARD,Equity,0.2947,22.34,5731403,$128039543,-,Information Technology,2424006,US4282361033,New York Stock Exchange Inc.
EOG,EOG RESOURCES INC,Equity,0.2923,157.05,808548,$126982463,-,Energy,2318024,US26875P1012,New York Stock Exchange Inc.
TXN,TEXAS INSTRUMENTS INCORPORATED,Equity,0.2898,38.20,3296103,$125911135,-,Information Technology,2885409,US8825081040,NASDAQ
HAL,HALLIBURTON,Equity,0.2838,48.00,2569103,$123316944,-,Energy,2405302,US4062161017,New York Stock Exchange Inc.
WAG,WALGREEN,Equity,0.2835,48.07,2562273,$123168463,-,Consumer Staples,2934839,US9314221097,New York Stock Exchange Inc.
TGT,TARGET CORP,Equity,0.2779,63.31,1907018,$120733310,-,Consumer Discretionary,2259101,US87612E1064,New York Stock Exchange Inc.
PNC,PNC FINANCIAL SERVICES GROUP INC,Equity,0.2617,72.27,1573326,$113704270,-,Financials,2692665,US6934751057,New York Stock Exchange Inc.
DHR,DANAHER CORP,Equity,0.2608,65.52,1729215,$113298167,-,Industrials,2250870,US2358511028,New York Stock Exchange Inc.
TJX,TJX INC,Equity,0.2596,52.72,2139059,$112771190,-,Consumer Discretionary,2989301,US8725401090,New York Stock Exchange Inc.
COF,CAPITAL ONE FINANCIAL CORP,Equity,0.2579,64.55,1736100,$112065255,-,Financials,2654461,US14040H1059,New York Stock Exchange Inc.
BAX,BAXTER INTERNATIONAL INC.,Equity,0.2579,69.56,1610560,$112030554,-,Health Care,4514626,US0718131099,Swiss Exchange
SO,SOUTHERN,Equity,0.2478,41.62,2586743,$107660244,-,Utilities,2829601,US8425871071,New York Stock Exchange Inc.
KMB,KIMBERLY CLARK CORP,Equity,0.2459,93.48,1142975,$106845303,-,Consumer Staples,2491839,US4943681035,New York Stock Exchange Inc.
VIAB,VIACOM INC CLASS B,Equity,0.2428,79.56,1326033,$105499185,-,Consumer Discretionary,B0SRLF4,US92553P2011,NASDAQ
PSX,PHILLIPS 66,Equity,0.2419,57.10,1840334,$105083071,-,Energy,B78C4Y8,US7185461040,New York Stock Exchange Inc.
MS,MORGAN STANLEY,Equity,0.2418,25.76,4078081,$105051367,-,Financials,2262314,US6174464486,New York Stock Exchange Inc.
PRU*,PRUDENTIAL FINANCIAL INC,Equity,0.2387,74.88,1384923,$103703034,-,Financials,B29FB62,US7443201022,Bolsa Mexicana De Valores (Mexican Stock Exchange)
PX,PRAXAIR INC,Equity,0.2375,117.40,878993,$103193778,-,Materials,2699291,US74005P1049,New York Stock Exchange Inc.
ADP,AUTOMATIC DATA PROCESSING INC,Equity,0.2362,71.16,1442096,$102619551,-,Information Technology,2065308,US0530151036,NASDAQ
BK,BANK OF NEW YORK MELLON CORP,Equity,0.2361,29.74,3449513,$102588517,-,Financials,B1Z77F6,US0640581007,New York Stock Exchange Inc.
NEE,NEXTERA ENERGY INC,Equity,0.2334,80.36,1262057,$101418901,-,Utilities,2328915,US65339F1012,New York Stock Exchange Inc.
D,DOMINION RESOURCES INC,Equity,0.2306,58.35,1716964,$100184849,-,Utilities,2542049,US25746U1097,New York Stock Exchange Inc.
APA,APACHE CORP,Equity,0.2297,85.68,1164819,$99801692,-,Energy,2043962,US0374111054,New York Stock Exchange Inc.
LOM,LOCKHEED MARTIN CORP.,Equity,0.2227,122.42,790532,$96776927,-,Industrials,5335161,US5398301094,Deutsche Boerse Ag
BLK,BLACKROCK INC.,Equity,0.2223,260.32,371045,$96590434,-,Financials,2494504,US09247X1019,New York Stock Exchange Inc.
DTV,DIRECTV,Equity,0.2223,58.18,1659967,$96576880,-,Consumer Discretionary,B84LSN3,US25490A3095,NASDAQ
DE,DEERE & CO,Equity,0.2220,83.64,1153359,$96466947,-,Industrials,2261203,US2441991054,New York Stock Exchange Inc.
TMO,THERMO FISHER SCIENTIFIC INC,Equity,0.2181,88.83,1066871,$94770151,-,Health Care,2886907,US8835561023,New York Stock Exchange Inc.
GIS,GENERAL MILLS INC,Equity,0.2175,49.32,1916244,$94509154,-,Consumer Staples,2367026,US3703341046,New York Stock Exchange Inc.
NOV,NATIONAL OILWELL VARCO INC,Equity,0.2172,74.30,1270175,$94374003,-,Energy,2624486,US6370711011,New York Stock Exchange Inc.
FDX,FEDEX CORP,Equity,0.2165,107.36,875982,$94045428,-,Industrials,2142784,US31428X1063,New York Stock Exchange Inc.
YUM,YUM BRANDS INC,Equity,0.2155,70.02,1337011,$93617510,-,Consumer Discretionary,2098876,US9884981013,New York Stock Exchange Inc.
FCX*,FREEPORT MCMORAN INC,Equity,0.2147,30.22,3086239,$93266143,-,Materials,B1LJSV9,US35671D8570,Bolsa Mexicana De Valores (Mexican Stock Exchange)
T3W1,TIME WARNER CABLE-A,Equity,0.2137,107.35,864806,$92836924,-,Consumer Discretionary,B650CM2,US88732J2078,Boerse Berlin
PCP,PRECISION CASTPARTS CORP,Equity,0.2114,211.24,434889,$91865952,-,Industrials,2699514,US7401891053,-
KRFT,KRAFT FOODS GROUP INC,Equity,0.2105,51.77,1767001,$91477642,-,Consumer Staples,B8P0S06,US50076Q1067,NASDAQ
STT,STATE STREET CORP,Equity,0.2082,66.72,1355734,$90454572,-,Financials,2842040,US8574771031,New York Stock Exchange Inc.
PA9,ST PAUL TRAVELERS COS INC,Equity,0.2058,79.90,1118867,$89397473,-,Financials,5828263,US89417E1091,Boerse Muenchen
ETN,EATON CORPORATION PLC,Equity,0.2049,63.32,1406154,$89037671,-,Industrials,B8KQN82,IE00B8KQN827,New York Stock Exchange Inc.
CB,ACE LTD,Equity,0.2041,87.72,1011132,$88696499,-,Financials,B3BQMF6,CH0044328745,New York Stock Exchange Inc.
ITW,ILLINOIS TOOL INC,Equity,0.2026,71.47,1231815,$88037818,-,Industrials,2457552,US4523081093,New York Stock Exchange Inc.
CBS,CBS CORP- CLASS B,Equity,0.1995,51.10,1696277,$86679755,-,Consumer Discretionary,B0SRLH6,US1248572026,New York Stock Exchange Inc.
COV,COVIDIEN,Equity,0.1912,59.40,1398623,$83078206,-,Health Care,B68SQD2,IE00B68SQD29,New York Stock Exchange Inc.
JCI,JOHNSON CONTROLS INC,Equity,0.1900,40.53,2036762,$82549964,-,Consumer Discretionary,2476803,US4783661071,New York Stock Exchange Inc.
GD,GENERAL DYNAMICS CORP,Equity,0.1891,83.25,986999,$82167667,-,Industrials,2365161,US3695501086,New York Stock Exchange Inc.
MCK,MCKESSON CORP,Equity,0.1883,121.41,673830,$81809700,-,Health Care,2378534,US58155Q1031,New York Stock Exchange Inc.
AMT,AMERICAN TOWER REIT CORP,Equity,0.1881,69.49,1175770,$81704257,-,Financials,B7FBFL2,US03027X1000,New York Stock Exchange Inc.
8686,AFLAC INC.,Equity,0.1844,57.79,1386037,$80099078,-,Financials,6028824,US0010551028,Tokyo Stock Exchange
CRM,SALESFORCE.COM INC,Equity,0.1825,49.13,1613839,$79287910,-,Information Technology,2310525,US79466L3024,New York Stock Exchange Inc.
LYB,LYONDELLBASELL INDUSTRIES NV CLASS,Equity,0.1823,70.15,1129258,$79217449,-,Materials,B3SPXZ3,NL0009434992,New York Stock Exchange Inc.
GM,GENERAL MOTORS,Equity,0.1795,34.08,2288559,$77994091,-,Consumer Discretionary,B665KZ5,US37045V1008,New York Stock Exchange Inc.
AG4,ALLERGAN,Equity,0.1793,88.38,881238,$77883814,-,Health Care,5793208,US0184901025,Boerse Berlin
EXC,EXELON CORP,Equity,0.1786,30.49,2544598,$77584793,-,Utilities,2670519,US30161N1019,New York Stock Exchange Inc.
YHOO,YAHOO! INC,Equity,0.1761,27.12,2820531,$76492801,-,Information Technology,2986539,US9843321061,NASDAQ
ANTM,WELLPOINT INC,Equity,0.1750,85.14,893028,$76032404,-,Health Care,2794743,US94973V1070,New York Stock Exchange Inc.
CSX,CSX CORP,Equity,0.1721,24.61,3038595,$74779823,-,Industrials,2160753,US1264081035,NASDAQ
WMB,WILLIAMS INC,Equity,0.1693,36.24,2029882,$73562924,-,Energy,5727371,US9694571004,Deutsche Boerse Ag
RTN1,RAYTHEON B,Equity,0.1675,75.41,965209,$72786411,-,Industrials,7433803,US7551115071,Boerse Stuttgart
MRO,MARATHON OIL CORP,Equity,0.1670,34.43,2107361,$72556439,-,Energy,2910970,US5658491064,New York Stock Exchange Inc.
ECL,ECOLAB INC,Equity,0.1665,91.35,792142,$72362172,-,Materials,2304227,US2788651006,New York Stock Exchange Inc.
AET,AETNA INC,Equity,0.1641,63.39,1124655,$71291880,-,Health Care,2695921,US00817Y1082,New York Stock Exchange Inc.
KMI,KINDER MORGAN INC,Equity,0.1640,37.93,1878627,$71256322,-,Energy,B3NQ4P8,US49456B1017,New York Stock Exchange Inc.
PXD,PIONEER NATURAL RESOURCE,Equity,0.1635,174.97,406089,$71053392,-,Energy,2690830,US7237871071,New York Stock Exchange Inc.
BBT,BB AND T CORP,Equity,0.1631,33.96,2086281,$70850103,-,Financials,2830904,US0549371070,New York Stock Exchange Inc.
MPN,MARATHON PETROLEUM CORP,Equity,0.1609,72.51,964335,$69923931,-,Energy,B567SL6,US56585A1025,Boerse Stuttgart
ADM*,ARCHER DANIELS MIDLAND ORD,Equity,0.1588,35.21,1959532,$68995122,-,Consumer Staples,B1SNWD4,US0394831020,Bolsa Mexicana De Valores (Mexican Stock Exchange)
DC7,DISCOVER FINANCIAL SERVICES,Equity,0.1586,47.25,1458075,$68894044,-,Financials,B1ZB327,US2547091080,Boerse Berlin
SWG,CHARLES SCHWAB,Equity,0.1573,20.88,3273005,$68340344,-,Financials,B1BTQ59,US8085131055,Deutsche Boerse Ag
ADBE,ADOBE SYSTEM INC,Equity,0.1572,45.75,1492478,$68280869,-,Information Technology,2008154,US00724F1012,NASDAQ
NSC,NORFOLK SOUTHERN CORP,Equity,0.1554,72.16,935481,$67504309,-,Industrials,2641894,US6558441084,New York Stock Exchange Inc.
MMC,MARSH & MCLENNAN INC,Equity,0.1551,41.23,1634175,$67377035,-,Financials,2567741,US5717481023,New York Stock Exchange Inc.
ALL,ALLSTATE CORP,Equity,0.1535,47.92,1391363,$66674115,-,Financials,2019952,US0200021014,New York Stock Exchange Inc.
CI,CIGNA CORP,Equity,0.1534,78.69,846996,$66650115,-,Health Care,2196479,US1255091092,New York Stock Exchange Inc.
HES,HESS CORP,Equity,0.1530,74.85,887968,$66464405,-,Energy,2023748,US42809H1077,New York Stock Exchange Inc.
PPG,PPG INDUSTRIES INC,Equity,0.1522,156.21,423464,$66149311,-,Materials,2698470,US6935061076,New York Stock Exchange Inc.
SE,SPECTRA ENERGY CORP,Equity,0.1514,33.11,1986877,$65785497,-,Energy,B1L60G9,US8475601097,New York Stock Exchange Inc.
CTSH,COGNIZANT TECHNOLOGY SOLUTIONS COR,Equity,0.1513,73.30,896781,$65734047,-,Information Technology,2257019,US1924461023,NASDAQ
NBL,NOBLE ENERGY INC,Equity,0.1510,61.43,1067834,$65597043,-,Energy,2640761,US6550441058,New York Stock Exchange Inc.
PSA,PUBLIC STORAGE REIT,Equity,0.1506,152.67,428577,$65430851,-,Financials,2852533,US74460D1090,New York Stock Exchange Inc.
MX4A,CME GROUP INC CLASS A,Equity,0.1495,71.11,913340,$64947607,-,Financials,B012KV5,US12572Q1058,Boerse Berlin
CMI,CUMMINS INC,Equity,0.1488,123.20,524641,$64635771,-,Industrials,2240202,US2310211063,New York Stock Exchange Inc.
NTH,NORTHROP GRUMMAN,Equity,0.1485,92.27,699218,$64516845,-,Industrials,4080406,US6668071029,Boerse Berlin
DVN,DEVON ENERGY CORP,Equity,0.1475,57.09,1122781,$64099567,-,Energy,2480677,US25179M1036,New York Stock Exchange Inc.
CB,CHUBB CORP,Equity,0.1473,83.17,769436,$63993992,-,Financials,2195722,US1712321017,New York Stock Exchange Inc.
APD,AIR PRODUCTS AND CHEMICALS INC,Equity,0.1454,102.14,618393,$63162661,-,Materials,2011602,US0091581068,New York Stock Exchange Inc.
ALXN,ALEXION PHARMACEUTICALS INC,Equity,0.1439,107.76,580178,$62519981,-,Health Care,2036070,US0153511094,NASDAQ
IP,INTERNATIONAL PAPER,Equity,0.1437,47.21,1322568,$62438435,-,Materials,2465254,US4601461035,New York Stock Exchange Inc.
AEP,AMERICAN ELECTRIC POWER INC,Equity,0.1421,42.80,1442964,$61758859,-,Utilities,2026242,US0255371017,New York Stock Exchange Inc.
GLW,CORNING INC,Equity,0.1417,14.04,4386169,$61581813,-,Information Technology,2224701,US2193501051,New York Stock Exchange Inc.
BHI,BAKER HUGHES INC,Equity,0.1406,46.49,1313725,$61075075,-,Energy,2072085,US0572241075,New York Stock Exchange Inc.
AON,AON PLC,Equity,0.1404,66.38,919120,$61011186,-,Financials,B5BT0K0,GB00B5BT0K07,New York Stock Exchange Inc.
TEL,TE CONNECTIVITY LTD,Equity,0.1393,49.00,1235267,$60528083,-,Information Technology,B62B7C3,CH0102993182,New York Stock Exchange Inc.
CCI,CROWN CASTLE INTERNATIONAL REIT CO,Equity,0.1393,69.42,871627,$60508346,-,Telecommunication Services,2285991,US2282271046,New York Stock Exchange Inc.
DELL,DELL INC.,Equity,0.1381,13.77,4356595,$59990313,-,Information Technology,2261526,US24702R1014,NASDAQ
CTL,CENTURYLINK INC,Equity,0.1378,33.12,1808051,$59882649,-,Telecommunication Services,2185046,US1567001060,New York Stock Exchange Inc.
PPL,PPL CORP,Equity,0.1327,30.70,1878041,$57655859,-,Utilities,2680905,US69351T1060,New York Stock Exchange Inc.
VLO,VALERO ENERGY CORP,Equity,0.1326,35.53,1621645,$57617047,-,Energy,2041364,US91913Y1001,New York Stock Exchange Inc.
SYK,STRYKER CORP,Equity,0.1313,66.89,852808,$57044327,-,Health Care,2853688,US8636671013,New York Stock Exchange Inc.
BEN,FRANKLIN RESOURCES INC,Equity,0.1310,46.16,1232750,$56903740,-,Financials,2350684,US3546131018,New York Stock Exchange Inc.
KR,KROGER,Equity,0.1303,36.60,1546365,$56596959,-,Consumer Staples,2497406,US5010441013,New York Stock Exchange Inc.
SRE,SEMPRA ENERGY,Equity,0.1302,84.42,670253,$56582758,-,Utilities,2138158,US8168511090,New York Stock Exchange Inc.
SYY,SYSCO CORP,Equity,0.1301,32.02,1764710,$56506014,-,Consumer Staples,2868165,US8718291078,New York Stock Exchange Inc.
DISCA,DISCOVERY COMMUNICATIONS-A,Equity,0.1298,77.51,727577,$56394493,-,Consumer Discretionary,B3D7K31,US25470F1049,NASDAQ
PCAR,PACCAR INC,Equity,0.1298,53.61,1051669,$56379975,-,Industrials,2665861,US6937181088,NASDAQ
BDX,BECTON DICKINSON,Equity,0.1292,97.38,576567,$56146094,-,Health Care,2087807,US0758871091,New York Stock Exchange Inc.
HCP,HCP REIT INC,Equity,0.1267,40.73,1351427,$55043622,-,Financials,2417578,US40414L1098,New York Stock Exchange Inc.
REGN,REGENERON PHARMACEUTICALS INC,Equity,0.1266,242.31,227092,$55026663,-,Health Care,2730190,US75886F1075,NASDAQ
PCG,PG&E CORP,Equity,0.1252,41.36,1314789,$54379673,-,Utilities,2689560,US69331C1080,New York Stock Exchange Inc.
VTR,VENTAS REIT INC,Equity,0.1247,62.26,870198,$54178527,-,Financials,2927925,US92276F1003,New York Stock Exchange Inc.
WFM,WHOLE FOODS MARKET INC,Equity,0.1245,52.75,1025561,$54098343,-,Consumer Staples,2963899,US9668371068,NASDAQ
TROW,T ROWE PRICE GROUP INC,Equity,0.1245,70.14,771057,$54081938,-,Financials,2702337,US74144T1088,NASDAQ
AMAT,APPLIED MATERIAL INC,Equity,0.1234,15.01,3573118,$53632501,-,Information Technology,2046552,US0382221051,NASDAQ
SYMC,SYMANTEC CORP,Equity,0.1221,25.61,2071357,$53047453,-,Information Technology,2861078,US8715031089,NASDAQ
WM,WASTE MANAGEMENT INC,Equity,0.1215,40.44,1305271,$52785159,-,Industrials,2937667,US94106L1098,New York Stock Exchange Inc.
INTU,INTUIT INC,Equity,0.1213,63.53,829794,$52716813,-,Information Technology,2459020,US4612021034,NASDAQ
PLD,PROLOGIS REIT INC,Equity,0.1202,35.24,1481486,$52207567,-,Financials,B44WZD7,US74340W1036,New York Stock Exchange Inc.
HCN,HEALTH CARE REIT INC,Equity,0.1196,61.44,845713,$51960607,-,Financials,2440961,US42217K1060,New York Stock Exchange Inc.
AMP,AMERIPRISE FINANCE INC,Equity,0.1188,86.15,599140,$51615911,-,Financials,B0J7D57,US03076C1062,New York Stock Exchange Inc.
ACT,ACTAVIS INC.,Equity,0.1182,135.18,379818,$51343797,-,Health Care,B7XPCV5,US00507K1034,New York Stock Exchange Inc.
STI,SUNTRUST BANKS INC,Equity,0.1181,32.02,1602210,$51302764,-,Financials,2860990,US8679141031,New York Stock Exchange Inc.
CAH,CARDINAL HEALTH INC,Equity,0.1176,50.28,1016350,$51102078,-,Health Care,2175672,US14149Y1082,New York Stock Exchange Inc.
M,MACYS INC,Equity,0.1166,44.43,1140667,$50679835,-,Consumer Discretionary,2345022,US55616P1049,New York Stock Exchange Inc.
EQR,EQUITY RESIDENTIAL REIT,Equity,0.1138,51.89,953053,$49453920,-,Financials,2319157,US29476L1070,New York Stock Exchange Inc.
COG,CABOT OIL & GAS CORP,Equity,0.1129,39.13,1253568,$49052116,-,Energy,2162340,US1270971039,New York Stock Exchange Inc.
ED,CONSOLIDATED EDISON INC,Equity,0.1127,56.23,870903,$48970876,-,Utilities,2216850,US2091151041,New York Stock Exchange Inc.
IR,INGERSOLL-RAND PLC,Equity,0.1125,59.14,826542,$48881694,-,Industrials,B633030,IE00B6330302,New York Stock Exchange Inc.
PEG,PUBLIC SERVICE ENTERPRISE GROUP IN,Equity,0.1123,32.42,1504642,$48780494,-,Utilities,2707677,US7445731067,New York Stock Exchange Inc.
VFC,VF CORP,Equity,0.1122,187.21,260493,$48766895,-,Consumer Discretionary,2928683,US9182041080,New York Stock Exchange Inc.
DG,DOLLAR GENERAL CORP,Equity,0.1113,53.97,895686,$48340173,-,Consumer Discretionary,B5B1S13,US2566771059,New York Stock Exchange Inc.
BBBY,BED BATH AND BEYOND INC,Equity,0.1103,73.74,649879,$47922077,-,Consumer Discretionary,2085878,US0758961009,NASDAQ
A,AGILENT TECHNOLOGIES INC,Equity,0.1099,46.64,1024205,$47768921,-,Health Care,2520153,US00846U1016,New York Stock Exchange Inc.
CCL,CARNIVAL CORP,Equity,0.1097,36.09,1320201,$47646054,-,Consumer Discretionary,2523044,PA1436583006,New York Stock Exchange Inc.
MHFI,S&P GLOBAL INC,Equity,0.1095,58.37,814969,$47569741,-,Financials,2551443,1188001,New York Stock Exchange Inc.
DLPH,DELPHI AUTOMOTIVE PLC,Equity,0.1095,55.02,864538,$47566881,-,Consumer Discretionary,B783TY6,JE00B783TY65,New York Stock Exchange Inc.
FITB,FIFTH THIRD BANCORP,Equity,0.1095,18.29,2600497,$47563090,-,Financials,2336747,US3167731005,NASDAQ
LO,LORILLARD INC,Equity,0.1094,42.30,1123337,$47517155,-,Consumer Staples,B39GHT7,US5441471019,New York Stock Exchange Inc.
NFLX,NETFLIX INC,Equity,0.1091,283.91,166944,$47397071,-,Consumer Discretionary,2857817,US64110L1061,NASDAQ
WY,WEYERHAEUSER REIT,Equity,0.1079,27.38,1712253,$46881487,-,Financials,2958936,US9621661043,New York Stock Exchange Inc.
NEM,NEWMONT MINING CORP,Equity,0.1079,31.77,1475009,$46861036,-,Materials,2636607,US6516391066,New York Stock Exchange Inc.
EL,ESTEE LAUDER INC CLASS A,Equity,0.1076,65.36,714970,$46730439,-,Consumer Staples,2320524,US5184391044,New York Stock Exchange Inc.
OMC,OMNICOM GROUP INC,Equity,0.1073,60.65,768974,$46638273,-,Consumer Discretionary,2279303,US6819191064,New York Stock Exchange Inc.
FE,FIRSTENERGY CORP,Equity,0.1072,37.47,1243594,$46597467,-,Utilities,2100920,US3379321074,New York Stock Exchange Inc.
BXP,BOSTON PROPERTIES REIT INC,Equity,0.1064,102.50,451166,$46244515,-,Financials,2019479,US1011211018,New York Stock Exchange Inc.
ISRG,INTUITIVE SURGICAL INC,Equity,0.1063,386.52,119438,$46165176,-,Health Care,2871301,US46120E6023,NASDAQ
K,KELLOGG,Equity,0.1054,60.71,754528,$45807395,-,Consumer Staples,2486813,US4878361082,New York Stock Exchange Inc.
TYC,TYCO INTERNATIONAL LTD,Equity,0.1049,33.04,1379440,$45576698,-,Industrials,B64GC98,CH0100383485,New York Stock Exchange Inc.
AZO,AUTOZONE INC,Equity,0.1042,419.94,107768,$45256094,-,Consumer Discretionary,2065955,US0533321024,New York Stock Exchange Inc.
MSI,MOTOROLA SOLUTIONS INC,Equity,0.1041,56.01,807710,$45239837,-,Information Technology,B5BKPQ4,US6200763075,New York Stock Exchange Inc.
RAI,REYNOLDS AMERICAN INC,Equity,0.1038,47.63,946589,$45086034,-,Consumer Staples,2429090,US7617131062,New York Stock Exchange Inc.
MJN,MEAD JOHNSON NUTRITION,Equity,0.1037,75.03,600763,$45075248,-,Consumer Staples,B4W9F29,US5828391061,New York Stock Exchange Inc.
AVB,AVALONBAY COMMUNITIES REIT INC,Equity,0.1029,123.90,360860,$44710554,-,Financials,2131179,US0534841012,New York Stock Exchange Inc.
NTAP,NETAPP INC,Equity,0.1025,41.54,1071787,$44522032,-,Information Technology,2630643,US64110D1046,NASDAQ
EIX,EDISON INTERNATIONAL,Equity,0.1023,45.89,968790,$44457773,-,Utilities,2829515,US2810201077,New York Stock Exchange Inc.
PH,PARKER-HANNIFIN CORP,Equity,0.1021,99.95,443747,$44352513,-,Industrials,2671501,US7010941042,New York Stock Exchange Inc.
COH,COACH INC,Equity,0.1015,52.81,835456,$44120431,-,Consumer Discretionary,2646015,US1897541041,New York Stock Exchange Inc.
GWW,WW GRAINGER INC,Equity,0.1012,247.35,177847,$43990455,-,Industrials,2380863,US3848021040,New York Stock Exchange Inc.
ROST,ROSS STORES INC,Equity,0.1012,67.26,653650,$43964499,-,Consumer Discretionary,2746711,US7782961038,NASDAQ
SHW,SHERWIN WILLIAMS,Equity,0.1010,172.40,254576,$43888902,-,Materials,2804211,US8243481061,New York Stock Exchange Inc.
ZTS,ZOETIS INC CLASS A,Equity,0.0996,29.15,1485216,$43294046,-,Health Care,B95WG16,US98978V1035,New York Stock Exchange Inc.
DOV,DOVER CORP,Equity,0.0996,85.05,508726,$43267146,-,Industrials,2278407,US2600031080,New York Stock Exchange Inc.
HUM,HUMANA INC,Equity,0.0990,92.08,467148,$43014988,-,Health Care,2445063,US4448591028,New York Stock Exchange Inc.
NUE,NUCOR CORP,Equity,0.0989,45.49,945009,$42988459,-,Materials,2651086,US6703461052,New York Stock Exchange Inc.
STJ,ST JUDE MEDICAL INC,Equity,0.0978,50.41,842642,$42477583,-,Health Care,2767381,US7908491035,New York Stock Exchange Inc.
BSX,BOSTON SCIENTIFIC CORP,Equity,0.0977,10.58,4011683,$42443606,-,Health Care,2113434,US1011371077,New York Stock Exchange Inc.
ADI,ANALOG DEVICES INC,Equity,0.0976,46.28,916360,$42409141,-,Information Technology,2032067,US0326541051,NASDAQ
CAG,CONAGRA BRANDS INC,Equity,0.0965,33.82,1239293,$41912889,-,Consumer Staples,2215460,US2058871029,New York Stock Exchange Inc.
CAM,CAMERON INTERNATIONAL CORP,Equity,0.0964,56.79,737639,$41890519,-,Energy,2222233,US13342B1052,-
MAT,MATTEL INC,Equity,0.0957,40.50,1026937,$41590949,-,Consumer Discretionary,2572303,US5770811025,NASDAQ
MU,MICRON TECHNOLOGY INC,Equity,0.0957,13.57,3062683,$41560608,-,Information Technology,2588184,US5951121038,NASDAQ
PGR,PROGRESSIVE CORP,Equity,0.0951,25.07,1647840,$41311349,-,Financials,2705024,US7433151039,New York Stock Exchange Inc.
MTZ,M&T BANK CORP,Equity,0.0950,113.34,364339,$41294182,-,Financials,B0184C2,US55261F1049,Deutsche Boerse Ag
XEL,XCEL ENERGY INC,Equity,0.0950,27.92,1478651,$41283936,-,Utilities,2614807,US98389B1008,New York Stock Exchange Inc.
VNO,VORNADO REALTY TRUST REIT,Equity,0.0946,81.30,505743,$41116906,-,Financials,2933632,US9290421091,New York Stock Exchange Inc.
SWK,STANLEY BLACK & DECKER INC,Equity,0.0945,85.26,481384,$41042800,-,Industrials,B3Q2FJ4,US8545021011,New York Stock Exchange Inc.
HSY,HERSHEY FOODS,Equity,0.0943,91.95,445661,$40978529,-,Consumer Staples,2422806,US4278661081,New York Stock Exchange Inc.
LB,L BRANDS INC,Equity,0.0943,57.36,714179,$40965307,-,Consumer Discretionary,B9M2WX3,US5017971046,New York Stock Exchange Inc.
LTR,LOEWS,Equity,0.0935,44.46,913624,$40619723,-,Financials,5910966,US5404241086,Boerse Duesseldorf
ROK,ROCKWELL AUTOMATION INC,Equity,0.0929,97.23,415336,$40383119,-,Industrials,2754060,US7739031091,New York Stock Exchange Inc.
ORLY,OREILLY AUTOMOTIVE INC,Equity,0.0928,122.71,328439,$40302750,-,Consumer Discretionary,B65LWX6,US67103H1077,NASDAQ
IVZ,INVESCO LTD,Equity,0.0924,30.36,1322087,$40138561,-,Financials,B28XP76,BMG491BT1088,New York Stock Exchange Inc.
HIG,HARTFORD FINANCIAL SERVICES GROUP,Equity,0.0923,29.60,1355418,$40120373,-,Financials,2476193,US4165151048,New York Stock Exchange Inc.
MYL,MYLAN INC,Equity,0.0922,35.34,1133246,$40048914,-,Health Care,2613804,US6285301072,NASDAQ
CERN,CERNER CORP,Equity,0.0921,46.06,868842,$40018863,-,Health Care,2185284,US1567821046,NASDAQ
HOG,HARLEY DAVIDSON INC,Equity,0.0920,59.98,666287,$39963894,-,Consumer Discretionary,2411053,US4128221086,New York Stock Exchange Inc.
SWN,SOUTHWESTERN ENERGY,Equity,0.0919,38.20,1045208,$39926946,-,Energy,2828619,US8454671095,New York Stock Exchange Inc.
SNDK,SANDISK CORP,Equity,0.0919,55.18,723427,$39918702,-,Information Technology,2765802,US80004C1018,NASDAQ
CHK,CHESAPEAKE ENERGY CORP,Equity,0.0917,25.81,1543019,$39825320,-,Energy,2182779,US1651671075,New York Stock Exchange Inc.
ZBH,ZIMMER BIOMET HOLDINGS INC,Equity,0.0911,79.09,500625,$39594431,-,Health Care,2783815,US98956P1021,New York Stock Exchange Inc.
RN7,REGIONS FINANCL,Equity,0.0909,9.40,4201769,$39496629,-,Financials,B01SFL8,US7591EP1005,Boerse Muenchen
BRCM,BROADCOM CORP CLASS A,Equity,0.0908,25.26,1562093,$39458469,-,Information Technology,2235822,US1113201073,NASDAQ
CTXS,CITRIX SYSTEMS INC,Equity,0.0906,70.77,556400,$39376428,-,Information Technology,2182553,US1773761002,NASDAQ
WDC,WESTERN DIGITAL CORP,Equity,0.0903,62.00,632563,$39218906,-,Information Technology,2954699,US9581021055,NASDAQ
ABC,AMERISOURCEBERGEN CORP,Equity,0.0899,56.92,686540,$39077857,-,Health Care,2795393,US03073E1055,New York Stock Exchange Inc.
ICE,INTERCONTINENTALEXCHANGE INC.,Equity,0.0895,179.75,216370,$38892508,-,Financials,B0PBS81,US45865V1008,New York Stock Exchange Inc.
FIS,FIDELITY NATIONAL INFORMATION SERV,Equity,0.0892,44.46,871513,$38747468,-,Information Technology,2769796,US31620M1062,New York Stock Exchange Inc.
ESV,ENSCO PLC CLASS A,Equity,0.0886,55.56,692672,$38484856,-,Energy,B4VLR19,GB00B4VLR192,New York Stock Exchange Inc.
EQT,EQT CORP,Equity,0.0883,85.72,447450,$38355414,-,Energy,2319414,US26884L1098,New York Stock Exchange Inc.
ES,NORTHEAST UTILITIES,Equity,0.0882,40.97,935464,$38325960,-,Utilities,2645108,US6643971061,New York Stock Exchange Inc.
LIFE,LIFE TECHNOLOGIES CORP,Equity,0.0877,74.41,512330,$38122475,-,Health Care,2397186,US53217V1098,NASDAQ
FISV,FISERV INC,Equity,0.0877,96.27,395955,$38118588,-,Information Technology,2342034,US3377381088,NASDAQ
FTI,FMC TECHNOLOGIES INC,Equity,0.0871,53.63,705315,$37826043,-,Energy,2763561,US30249U1016,New York Stock Exchange Inc.
HST,HOST HOTELS & RESORTS REIT INC,Equity,0.0868,17.03,2214020,$37704761,-,Financials,2567503,US44107P1049,New York Stock Exchange Inc.
CMG,CHIPOTLE MEXICAN GRILL INC,Equity,0.0863,408.17,91874,$37500211,-,Consumer Discretionary,B0X7DZ3,US1696561059,New York Stock Exchange Inc.
PAYX,PAYCHEX INC,Equity,0.0857,38.68,962987,$37248337,-,Information Technology,2674458,US7043261079,NASDAQ
HOT,STARWOOD HOTELS & RESORTS WORLDWID,Equity,0.0851,63.94,578571,$36993830,-,Consumer Discretionary,B12GHV2,US85590A4013,New York Stock Exchange Inc.
MCO,MOODYS CORP,Equity,0.0843,63.56,576537,$36644692,-,Financials,2252058,US6153691059,New York Stock Exchange Inc.
PNR,PENTAIR LTD,Equity,0.0840,60.11,607409,$36511355,-,Industrials,B8DTTS0,CH0193880173,New York Stock Exchange Inc.
XRX,XEROX CORP,Equity,0.0839,9.98,3650815,$36435134,-,Information Technology,2985202,US9841211033,New York Stock Exchange Inc.
ROP,ROPER TECHNOLOGIES INC,Equity,0.0838,123.70,294392,$36416290,-,Industrials,2749602,US7766961061,New York Stock Exchange Inc.
MUR,MURPHY OIL CORP,Equity,0.0837,67.42,539464,$36370663,-,Energy,2611206,US6267171022,New York Stock Exchange Inc.
RRC,RANGE RESOURCES CORP,Equity,0.0837,74.98,484926,$36359751,-,Energy,2523334,US75281A1097,New York Stock Exchange Inc.
STX,SEAGATE TECHNOLOGY PLC,Equity,0.0837,38.32,948770,$36356866,-,Information Technology,B58JVZ5,IE00B58JVZ52,NASDAQ
APH,AMPHENOL CORP CLASS A,Equity,0.0829,75.77,475146,$36001812,-,Information Technology,2145084,US0320951017,New York Stock Exchange Inc.
NTRS,NORTHERN TRUST CORP TRUST,Equity,0.0818,54.87,647396,$35522619,-,Financials,2648668,US6658591044,NASDAQ
GPC,GENUINE PARTS,Equity,0.0817,77.01,460660,$35475427,-,Consumer Discretionary,2367480,US3724601055,New York Stock Exchange Inc.
FAST,FASTENAL,Equity,0.0813,43.99,802710,$35311213,-,Industrials,2332262,US3119001044,NASDAQ
DLTR,DOLLAR TREE INC,Equity,0.0807,52.70,665443,$35068846,-,Consumer Discretionary,2272476,US2567461080,NASDAQ
EMN,EASTMAN CHEMICAL,Equity,0.0806,76.00,460936,$35031136,-,Materials,2298386,US2774321002,New York Stock Exchange Inc.
GPS,GAP INC,Equity,0.0802,40.44,862015,$34859887,-,Consumer Discretionary,2360326,US3647601083,New York Stock Exchange Inc.
DTE,DTE ENERGY,Equity,0.0796,66.87,517215,$34586167,-,Utilities,2280220,US2333311072,New York Stock Exchange Inc.
KSU,KANSAS CITY SOUTHERN,Equity,0.0795,105.42,327550,$34530321,-,Industrials,2607647,US4851703029,New York Stock Exchange Inc.
MOS*,MOSAIC CO,Equity,0.0787,41.65,821069,$34197524,-,Materials,B3RSCW3,US61945C1036,Bolsa Mexicana De Valores (Mexican Stock Exchange)
XLNX,XILINX INC,Equity,0.0784,43.42,784625,$34068418,-,Information Technology,2985677,US9839191015,NASDAQ
SJM,JM SMUCKER,Equity,0.0779,106.14,318915,$33849638,-,Consumer Staples,2951452,US8326964058,New York Stock Exchange Inc.
PFG,PRINCIPAL FINANCIAL GROUP INC,Equity,0.0772,40.92,820126,$33559556,-,Financials,2803014,US74251V1026,New York Stock Exchange Inc.
LNC,LINCOLN NATIONAL CORP,Equity,0.0772,42.04,798269,$33559229,-,Financials,2516378,US5341871094,New York Stock Exchange Inc.
CF,CF INDUSTRIES HOLDINGS INC,Equity,0.0772,190.34,176276,$33552374,-,Materials,B0G4K50,US1252691001,New York Stock Exchange Inc.
ETR,ENTERGY CORP,Equity,0.0771,63.23,529822,$33500645,-,Utilities,2317087,US29364G1031,New York Stock Exchange Inc.
ALTR,ALTERA CORP,Equity,0.0771,35.17,951930,$33479378,-,Information Technology,2021690,US0214411003,NASDAQ
WYNN,WYNN RESORTS LTD,Equity,0.0770,141.04,237274,$33465125,-,Consumer Discretionary,2963811,US9831341071,NASDAQ
BWA,BORGWARNER INC,Equity,0.0764,96.58,343611,$33185950,-,Consumer Discretionary,2111955,US0997241064,New York Stock Exchange Inc.
CLX,CLOROX,Equity,0.0745,82.70,391496,$32376719,-,Consumer Staples,2204026,US1890541097,New York Stock Exchange Inc.
PRGO,PERRIGO COMPANY,Equity,0.0735,121.55,262860,$31950633,-,Health Care,2682042,US7142901039,New York Stock Exchange Inc.
KEY,KEYCORP ORD,Equity,0.0735,11.67,2737140,$31942424,-,Financials,5700606,US4932671088,Boerse Berlin
KMX,CARMAX INC,Equity,0.0731,47.56,667716,$31756573,-,Consumer Discretionary,2983563,US1431301027,New York Stock Exchange Inc.
SLM,SLM CORP,Equity,0.0729,23.99,1320861,$31687455,-,Financials,2101967,US78442P1066,NASDAQ
OKE,ONEOK INC,Equity,0.0726,51.44,612861,$31525570,-,Utilities,2130109,US6826801036,New York Stock Exchange Inc.
KSS,KOHLS CORP,Equity,0.0716,51.31,605875,$31087446,-,Consumer Discretionary,2496113,US5002551043,New York Stock Exchange Inc.
PVH,PVH CORP,Equity,0.0714,128.75,241006,$31029523,-,Consumer Discretionary,B3V9F12,US6936561009,New York Stock Exchange Inc.
FLR,FLUOR CORP,Equity,0.0707,63.43,484320,$30720418,-,Industrials,2696838,US3434121022,New York Stock Exchange Inc.
WHR,WHIRLPOOL CORP,Equity,0.0697,128.65,235422,$30287040,-,Consumer Discretionary,2960384,US9633201069,New York Stock Exchange Inc.
BF.B,BROWN FORMAN CORP CLASS B,Equity,0.0695,66.99,450967,$30210279,-,Consumer Staples,2146838,US1156372096,New York Stock Exchange Inc.
NYX,NYSE EURONEXT,Equity,0.0695,41.80,722573,$30203551,-,Financials,B1VJYW2,US6294911010,New York Stock Exchange Inc.
BEAM,BEAM INC,Equity,0.0690,62.65,478426,$29973389,-,Consumer Staples,B4NH4W5,US0737301038,New York Stock Exchange Inc.
RL,RALPH LAUREN CORPORATION,Equity,0.0689,165.41,181079,$29952277,-,Consumer Discretionary,B4V9661,US7512121010,New York Stock Exchange Inc.
FRX,FOREST LABORATORIES INC,Equity,0.0683,42.53,697788,$29676924,-,Health Care,2346508,US3458381064,New York Stock Exchange Inc.
SIAL,SIGMA ALDRICH CORP,Equity,0.0679,82.47,357830,$29510240,-,Materials,2807566,US8265521018,NASDAQ
CNP,CENTERPOINT ENERGY INC,Equity,0.0672,22.93,1274228,$29218048,-,Utilities,2440637,US15189T1079,New York Stock Exchange Inc.
WU,WESTERN UNION,Equity,0.0668,17.53,1656595,$29040110,-,Information Technology,B1F76F9,US9598021098,New York Stock Exchange Inc.
SRCL,STERICYCLE INC,Equity,0.0665,112.56,256578,$28880420,-,Industrials,2860826,US8589121081,NASDAQ
CA,CA INC,Equity,0.0663,29.25,984838,$28806512,-,Information Technology,2214832,US12673P1057,NASDAQ
BBY,BEST BUY INC,Equity,0.0661,36.00,798320,$28739520,-,Consumer Discretionary,2094670,US0865161014,New York Stock Exchange Inc.
RSG,REPUBLIC SERVICES INC,Equity,0.0660,32.51,882433,$28687897,-,Industrials,2262530,US7607591002,New York Stock Exchange Inc.
CCE,COCA-COLA ENTERPRISES INC,Equity,0.0659,37.40,765978,$28647577,-,Consumer Staples,B42BPG9,US19122T1097,New York Stock Exchange Inc.
COL,ROCKWELL COLLINS INC,Equity,0.0657,70.77,403402,$28548760,-,Industrials,2767228,US7743411016,New York Stock Exchange Inc.
MAR,MARRIOTT INTERNATIONAL INC CLASS A,Equity,0.0656,39.99,712346,$28486717,-,Consumer Discretionary,2210614,US5719032022,NASDAQ
RHT,RED HAT INC,Equity,0.0656,50.52,563788,$28482570,-,Information Technology,2447218,US7565771026,New York Stock Exchange Inc.
TDC,TERADATA CORP,Equity,0.0655,58.56,485873,$28452723,-,Information Technology,B247H10,US88076W1036,New York Stock Exchange Inc.
JNPR,JUNIPER NETWORKS INC,Equity,0.0655,18.90,1505353,$28451172,-,Information Technology,2431846,US48203R1041,New York Stock Exchange Inc.
NE,NOBLE CORP.,Equity,0.0645,37.20,753133,$28016548,-,Energy,B65Z9D7,CH0033347318,New York Stock Exchange Inc.
WEC,WEC ENERGY GROUP INC,Equity,0.0643,41.04,680316,$27920169,-,Utilities,2973995,US9766571064,New York Stock Exchange Inc.
DGX,QUEST DIAGNOSTICS INC,Equity,0.0634,58.62,470007,$27551810,-,Health Care,2702791,US74834L1008,New York Stock Exchange Inc.
LUV,SOUTHWEST AIRLINES,Equity,0.0633,12.81,2147778,$27513036,-,Industrials,2831543,US8447411088,New York Stock Exchange Inc.
TIF,TIFFANY,Equity,0.0633,77.11,356619,$27498891,-,Consumer Discretionary,2892090,US8865471085,New York Stock Exchange Inc.
SPLS,STAPLES INC,Equity,0.0632,13.91,1974172,$27460733,-,Consumer Discretionary,2841489,US8550301027,NASDAQ
KLAC,KLA TENCOR CORP,Equity,0.0626,55.15,493246,$27202517,-,Information Technology,2480138,US4824801009,NASDAQ
DPS,DR PEPPER SNAPPLE GROUP INC,Equity,0.0625,44.76,606763,$27158712,-,Consumer Staples,B2QW0Z8,US26138E1091,New York Stock Exchange Inc.
CHRW,CH ROBINSON WORLDWIDE INC,Equity,0.0625,56.87,477406,$27150079,-,Industrials,2116228,US12541W2098,NASDAQ
NI,NISOURCE INC,Equity,0.0625,29.26,927862,$27149242,-,Utilities,2645409,US65473P1057,New York Stock Exchange Inc.
DVA,DAVITA INC,Equity,0.0623,107.51,251695,$27059729,-,Health Care,2898087,US23918K1088,New York Stock Exchange Inc.
FMC,FMC CORP,Equity,0.0621,66.61,404802,$26963861,-,Materials,2328603,US3024913036,New York Stock Exchange Inc.
LLTC,LINEAR TECHNOLOGY CORP,Equity,0.0612,38.33,693572,$26584615,-,Information Technology,2516839,US5356781063,NASDAQ
MKC,MCCORMICK & CO NON-VOTING INC,Equity,0.0611,67.65,392206,$26532736,-,Consumer Staples,2550161,US5797802064,New York Stock Exchange Inc.
LH,LABORATORY CORPORATION OF AMERICA,Equity,0.0609,95.72,276423,$26459210,-,Health Care,2586122,US50540R4092,New York Stock Exchange Inc.
ADT,ADT CORPORATION,Equity,0.0596,39.83,650555,$25911606,-,Industrials,B7XWRM2,US00101J1060,New York Stock Exchange Inc.
BCR,C R BARD INC,Equity,0.0588,114.87,222556,$25565008,-,Health Care,2077905,US0673831097,New York Stock Exchange Inc.
XL,XL GROUP PLC,Equity,0.0586,29.56,861432,$25463930,-,Financials,B5LRLL2,IE00B5LRLL25,New York Stock Exchange Inc.
AVP,AVON PRODUCTS INC,Equity,0.0586,19.77,1287852,$25460834,-,Consumer Staples,2066721,US0543031027,New York Stock Exchange Inc.
NVDA,NVIDIA CORP,Equity,0.0583,14.75,1718425,$25346769,-,Information Technology,2379504,US67066G1040,NASDAQ
WAT,WATER CORP CORP,Equity,0.0580,98.85,254709,$25177985,-,Health Care,2937689,US9418481035,New York Stock Exchange Inc.
NRG,NRG ENERGY INC,Equity,0.0579,26.25,958670,$25165088,-,Utilities,2212922,US6293775085,New York Stock Exchange Inc.
EXPD,EXPEDITORS INTERNATIONAL OF WASHIN,Equity,0.0574,40.56,614343,$24917752,-,Industrials,2325507,US3021301094,NASDAQ
STZ,CONSTELLATION BRANDS INC CLASS A,Equity,0.0572,54.25,458253,$24860225,-,Consumer Staples,2170473,US21036P1084,New York Stock Exchange Inc.
JWN,NORDSTROM INC,Equity,0.0567,55.73,442198,$24643695,-,Consumer Discretionary,2641827,US6556641008,New York Stock Exchange Inc.
MNST,MONSTER BEVERAGE CORP,Equity,0.0567,57.39,429328,$24639134,-,Consumer Staples,B6X2H81,US6117401017,NASDAQ
ADSK,AUTODESK INC,Equity,0.0565,36.75,668467,$24566162,-,Information Technology,2065159,US0527691069,NASDAQ
AA,ALCOA INC,Equity,0.0564,7.70,3179866,$24484968,-,Materials,2021805,US0138171014,New York Stock Exchange Inc.
TSN,TYSON FOODS INC CLASS A,Equity,0.0562,28.95,844111,$24437013,-,Consumer Staples,2909730,US9024941034,New York Stock Exchange Inc.
AEE,AMEREN CORP,Equity,0.0561,33.81,721498,$24393847,-,Utilities,2050832,US0236081024,New York Stock Exchange Inc.
KIM,KIMCO REALTY REIT CORP,Equity,0.0560,20.03,1215430,$24345063,-,Financials,2491594,US49446R1095,New York Stock Exchange Inc.
AKAM,AKAMAI TECHNOLOGIES INC,Equity,0.0559,45.98,528392,$24295464,-,Information Technology,2507457,US00971T1016,NASDAQ
TRIP,TRIPADVISOR INC,Equity,0.0559,73.97,328256,$24281096,-,Consumer Discretionary,B6ZC3N6,US8969452015,NASDAQ
LLL,L-3 COMMUNICATIONS HOLDINGS INC,Equity,0.0556,90.33,267620,$24174115,-,Industrials,2247366,US5024241045,New York Stock Exchange Inc.
WYN,WYNDHAM WORLDWIDE CORP,Equity,0.0552,59.36,404064,$23985239,-,Consumer Discretionary,B198391,US98310W1080,New York Stock Exchange Inc.
EA,ELECTRONIC ARTS INC,Equity,0.0552,26.64,899869,$23972510,-,Information Technology,2310194,US2855121099,NASDAQ
FLS,FLOWSERVE CORP,Equity,0.0546,55.79,425187,$23721183,-,Industrials,2288406,US34354P1057,New York Stock Exchange Inc.
EW,EDWARDS LIFESCIENCES CORP,Equity,0.0544,70.38,335913,$23641557,-,Health Care,2567116,US28176E1082,New York Stock Exchange Inc.
UUM,UNUM GROUP,Equity,0.0539,29.53,793701,$23437991,-,Financials,5925777,US91529Y1064,Deutsche Boerse Ag
CFN,CAREFUSION CORP,Equity,0.0539,35.85,653617,$23432169,-,Health Care,B3N2D37,US14170T1016,New York Stock Exchange Inc.
AES,AES,Equity,0.0539,12.71,1842484,$23417972,-,-,5456017,US00130H1059,Boerse Berlin
NWSA,NEWS CORP CLASS A,Equity,0.0534,15.70,1477519,$23197048,-,Consumer Discretionary,BBGVT40,US65249B1098,NASDAQ
MAC,MACERICH REIT,Equity,0.0530,56.28,408836,$23009290,-,Financials,2543967,US5543821012,New York Stock Exchange Inc.
PLL,PALL CORP,Equity,0.0528,69.14,331773,$22938785,-,Industrials,2668804,US6964293079,New York Stock Exchange Inc.
CPB,CAMPBELL SOUP,Equity,0.0527,43.18,530666,$22914158,-,Consumer Staples,2162845,US1344291091,New York Stock Exchange Inc.
TAP,MOLSON COORS BREWING CLASS B,Equity,0.0524,48.79,466947,$22782344,-,Consumer Staples,B067BM3,US60871R2094,New York Stock Exchange Inc.
MCHP,MICROCHIP TECHNOLOGY INC,Equity,0.0524,38.81,586202,$22750500,-,Information Technology,2592174,US5950171042,NASDAQ
VAR,VARIAN MEDICAL SYSTEMS INC,Equity,0.0523,70.45,322407,$22713573,-,Health Care,2927516,US92220P1057,New York Stock Exchange Inc.
JEC,JACOBS ENGINEERING GROUP INC,Equity,0.0522,58.28,388947,$22667831,-,Industrials,2469052,US4698141078,New York Stock Exchange Inc.
CMA,COMERICA INC,Equity,0.0522,40.84,554985,$22665587,-,Financials,2212870,US2003401070,New York Stock Exchange Inc.
HRB,H&R BLOCK INC,Equity,0.0520,27.91,809730,$22599564,-,Consumer Discretionary,2105505,US0936711052,New York Stock Exchange Inc.
LRCX,LAM RESEARCH CORP,Equity,0.0520,46.67,483860,$22581746,-,Information Technology,2502247,US5128071082,NASDAQ
CSC,COMPUTER SCIENCES CORP,Equity,0.0516,50.15,446728,$22403409,-,Information Technology,2215200,US2053631048,New York Stock Exchange Inc.
TXT,TEXTRON INC,Equity,0.0512,26.94,826186,$22257451,-,Industrials,2885937,US8832031012,New York Stock Exchange Inc.
LUK,LEUCADIA NATIONAL CORP,Equity,0.0503,24.93,877316,$21871488,-,Financials,2513012,US5272881047,New York Stock Exchange Inc.
NWL,NEWELL BRANDS INC,Equity,0.0500,25.30,857839,$21703327,-,Consumer Discretionary,2635701,US6512291062,New York Stock Exchange Inc.
PETM,PETSMART INC,Equity,0.0498,70.43,307204,$21636378,-,Consumer Discretionary,2686107,US7167681060,NASDAQ
VRSN,VERISIGN INC,Equity,0.0495,47.99,448249,$21511470,-,Information Technology,2142922,US92343E1029,NASDAQ
PCL,PLUM CREEK TIMBER COMPANY REIT INC,Equity,0.0494,44.31,484225,$21456010,-,Financials,2692397,US7292511083,-
NLSN,NIELSEN HOLDINGS NV,Equity,0.0494,34.50,621815,$21452618,-,Industrials,B4NTRF5,NL0009538479,New York Stock Exchange Inc.
CNX,CONSOL ENERGY INC,Equity,0.0489,31.23,679845,$21231559,-,Energy,2413758,US20854P1093,New York Stock Exchange Inc.
EFX,EQUIFAX INC,Equity,0.0488,59.09,358640,$21192038,-,Industrials,2319146,US2944291051,New York Stock Exchange Inc.
CMS,CMS ENERGY CORP,Equity,0.0483,26.53,790186,$20963635,-,Utilities,2219224,US1258961002,New York Stock Exchange Inc.
HBAN,HUNTINGTON BANCSHARES INC,Equity,0.0473,8.24,2494050,$20550972,-,Financials,2445966,US4461501045,NASDAQ
FDO,FAMILY DOLLAR STORES INC,Equity,0.0465,71.19,283719,$20197956,-,Consumer Discretionary,2331225,US3070001090,New York Stock Exchange Inc.
MAS,MASCO CORP,Equity,0.0462,18.92,1061154,$20077034,-,Industrials,2570200,US5745991068,New York Stock Exchange Inc.
IPG,INTERPUBLIC GROUP OF COMPANIES INC,Equity,0.0461,15.72,1273839,$20024749,-,Consumer Discretionary,2466321,US4606901001,New York Stock Exchange Inc.
CINF,CINCINNATI FINANCIAL CORP,Equity,0.0459,45.68,437008,$19962525,-,Financials,2196888,US1720621010,NASDAQ
SCG,SCANA CORP,Equity,0.0459,48.12,414821,$19961187,-,Utilities,2545844,US80589M1027,New York Stock Exchange Inc.
HP,HELMERICH & PAYNE INC,Equity,0.0459,63.04,316428,$19947621,-,Energy,2420101,US4234521015,New York Stock Exchange Inc.
ARG,AIRGAS INC,Equity,0.0458,101.65,195968,$19920147,-,Materials,2011561,US0093631028,New York Stock Exchange Inc.
CBG,CBRE GROUP INC,Equity,0.0455,21.87,902985,$19748282,-,Financials,B6WVMH3,US12504L1098,New York Stock Exchange Inc.
BLL,BALL CORP,Equity,0.0452,44.42,442361,$19649676,-,Materials,2073022,US0584981064,New York Stock Exchange Inc.
FFIV,F5 NETWORKS INC,Equity,0.0450,83.38,234293,$19535350,-,Information Technology,2427599,US3156161024,NASDAQ
HSP,HOSPIRA INC,Equity,0.0442,39.03,492088,$19206195,-,Health Care,B00PWV9,US4410601003,New York Stock Exchange Inc.
DNR,DENBURY RESOURCES INC,Equity,0.0442,17.29,1109608,$19185122,-,Energy,2418474,US2479162081,New York Stock Exchange Inc.
IFF,INTERNATIONAL FLAVORS & FRAGRANCES,Equity,0.0441,79.01,242326,$19146177,-,Materials,2464165,US4595061015,New York Stock Exchange Inc.
TMK,TORCHMARK CORP,Equity,0.0436,68.89,275008,$18945301,-,Financials,2896713,US8910271043,New York Stock Exchange Inc.
MWV,MEADWESTVACO CORP,Equity,0.0434,35.85,526199,$18864234,-,Materials,2840044,US5833341077,New York Stock Exchange Inc.
TSO,TESORO CORP.,Equity,0.0428,46.09,403826,$18612340,-,Energy,2884569,US8816091016,New York Stock Exchange Inc.
SNI,SCRIPPS NETWORKS INTERACTIVE INC C,Equity,0.0428,73.53,252826,$18590296,-,Consumer Discretionary,B39QT24,US8110651010,NASDAQ
SWY,SAFEWAY INC,Equity,0.0427,25.90,716927,$18568409,-,Consumer Staples,2767165,US7865142084,New York Stock Exchange Inc.
VMC,VULCAN MATERIALS,Equity,0.0425,47.80,386407,$18470255,-,Materials,2931205,US9291601097,New York Stock Exchange Inc.
HRS,HARRIS CORP,Equity,0.0425,56.63,325861,$18453508,-,Information Technology,2412001,US4138751056,New York Stock Exchange Inc.
FOSL,FOSSIL GROUP INC,Equity,0.0420,116.14,157029,$18237348,-,Consumer Discretionary,BBGT609,US34988V1061,NASDAQ
BMC,BMC SOFTWARE INC.,Equity,0.0417,46.00,393878,$18118388,-,Information Technology,2068921,US0559211000,NASDAQ
XRAY,DENTSPLY SIRONA INC,Equity,0.0412,41.99,426070,$17890679,-,Health Care,2364339,US2490301072,NASDAQ
DRI,DARDEN RESTAURANTS INC,Equity,0.0411,46.21,385994,$17836783,-,Consumer Discretionary,2289874,US2371941053,New York Stock Exchange Inc.
GME,GAMESTOP CORP CLASS A,Equity,0.0409,50.21,353849,$17766758,-,Consumer Discretionary,B0LLFT5,US36467W1099,New York Stock Exchange Inc.
PNW,PINNACLE WEST CORP,Equity,0.0408,54.27,326934,$17742708,-,Utilities,2048804,US7234841010,New York Stock Exchange Inc.
GNW,GENWORTH FINANCIAL A INC,Equity,0.0398,11.80,1466235,$17301573,-,Financials,B011WL6,US37247D1063,New York Stock Exchange Inc.
HRL,HORMEL FOODS CORP,Equity,0.0383,41.43,401627,$16639407,-,-,2437264,US4404521001,New York Stock Exchange Inc.
PWR,QUANTA SERVICES INC.,Equity,0.0381,26.14,633189,$16551560,-,Industrials,2150204,US74762E1029,New York Stock Exchange Inc.
SEE,SEALED AIR CORP,Equity,0.0381,28.40,582318,$16537831,-,Materials,2232793,US81211K1007,New York Stock Exchange Inc.
TGNA,GANNETT CO INC,Equity,0.0377,24.09,680603,$16395726,-,Consumer Discretionary,2360304,US3647301015,New York Stock Exchange Inc.
SNA,SNAP-ON INC.,Equity,0.0373,93.60,173285,$16219476,-,Industrials,2818740,US8330341012,New York Stock Exchange Inc.
LEN,LENNAR A CORP,Equity,0.0360,31.81,491967,$15649470,-,Consumer Discretionary,2511920,US5260571048,New York Stock Exchange Inc.
HAS,HASBRO INC,Equity,0.0359,45.58,342387,$15605999,-,Consumer Discretionary,2414580,US4180561072,NASDAQ
PHM,PULTEGROUP INC,Equity,0.0359,15.39,1013996,$15605398,-,Consumer Discretionary,2708841,US7458671010,New York Stock Exchange Inc.
JOY,JOY GLOBAL INC,Equity,0.0357,49.12,315983,$15521085,-,Industrials,2781905,US4811651086,New York Stock Exchange Inc.
GAS,AGL RESOURCES INC.,Equity,0.0356,43.95,351435,$15445568,-,Utilities,2060961,US0012041069,New York Stock Exchange Inc.
ZION,ZIONS BANCORPORATION,Equity,0.0353,27.97,547883,$15324288,-,Financials,2989828,US9897011071,NASDAQ
DHI,D R HORTON INC,Equity,0.0343,17.85,833668,$14880974,-,Consumer Discretionary,2250687,US23331A1097,New York Stock Exchange Inc.
CTAS,CINTAS CORP,Equity,0.0340,47.76,309688,$14790699,-,Industrials,2197137,US1729081059,NASDAQ
GT,GOODYEAR TIRE & RUBBER,Equity,0.0338,20.12,730073,$14689069,-,Consumer Discretionary,2378200,US3825501014,NASDAQ
RHI,ROBERT HALF,Equity,0.0337,35.27,414957,$14635533,-,Industrials,2110703,US7703231032,New York Stock Exchange Inc.
IGT,INTERNATIONAL GAME TECHNOLOGY,Equity,0.0337,18.89,774322,$14626943,-,Consumer Discretionary,2464972,US4599021023,New York Stock Exchange Inc.
QEP,QEP RESOURCES INC,Equity,0.0335,27.32,533051,$14562953,-,Energy,B60X657,US74733V1008,New York Stock Exchange Inc.
WIN,WINDSTREAM CORP.,Equity,0.0327,8.07,1762600,$14224182,-,Telecommunication Services,B180376,US97381W1045,NASDAQ
POM,PEPCO HOLDINGS INC,Equity,0.0322,18.94,739165,$13999785,-,Utilities,2971698,US7132911022,New York Stock Exchange Inc.
OI,OWENS ILLINOIS INC,Equity,0.0320,28.39,489147,$13886883,-,Materials,2662862,US6907684038,New York Stock Exchange Inc.
BTU,PEABODY ENERGY CORP,Equity,0.0317,17.20,801755,$13790186,-,Energy,2753454,US7045491047,New York Stock Exchange Inc.
URBN,URBAN OUTFITTERS INC,Equity,0.0316,41.93,327683,$13739748,-,Consumer Discretionary,2933438,US9170471026,NASDAQ
XYL,XYLEM INC,Equity,0.0314,24.78,550951,$13652566,-,Industrials,B3P2CN8,US98419M1009,New York Stock Exchange Inc.
NBR,NABORS INDUSTRIES LTD,Equity,0.0311,15.40,876060,$13491324,-,Energy,2963372,BMG6359F1032,New York Stock Exchange Inc.
PBCT,PEOPLES UNITED FINANCIAL INC,Equity,0.0309,14.22,944579,$13431913,-,Financials,B1W41J2,US7127041058,NASDAQ
GRMN,GARMIN LTD,Equity,0.0306,40.77,325688,$13278300,-,Consumer Discretionary,B3Z5T14,CH0114405324,NASDAQ
DO,DIAMOND OFFSHORE DRILLING INC,Equity,0.0305,64.03,206705,$13235321,-,Energy,2261021,US25271C1027,New York Stock Exchange Inc.
TSS,TOTAL SYSTEM SERVICES INC,Equity,0.0305,27.67,478255,$13233316,-,Information Technology,2897697,US8919061098,New York Stock Exchange Inc.
FLIR,FLIR SYSTEMS INC,Equity,0.0304,31.28,421900,$13197032,-,Information Technology,2344717,US3024451011,NASDAQ
TEG,INTEGRYS ENERGY GROUP INC.,Equity,0.0303,55.92,235310,$13158535,-,Utilities,2982098,US45822P1057,New York Stock Exchange Inc.
RDC,ROWAN COMPANIES CLASS A PLC,Equity,0.0301,35.42,369311,$13080996,-,Energy,B840261,GB00B6SLMV12,New York Stock Exchange Inc.
HCBK,HUDSON CITY BANCORP INC,Equity,0.0299,9.19,1413551,$12990534,-,Financials,2437952,US4436831071,NASDAQ
EXPE,EXPEDIA INC,Equity,0.0298,46.76,277321,$12967530,-,Consumer Discretionary,B748CK2,US30212P3038,NASDAQ
HAR,HARMAN INTERNATIONAL INDUSTRIES IN,Equity,0.0298,64.02,202047,$12935049,-,Consumer Discretionary,2411138,US4130861093,New York Stock Exchange Inc.
IRM,IRON MOUNTAIN INC,Equity,0.0296,25.80,498895,$12871491,-,Industrials,2542931,US4628461067,New York Stock Exchange Inc.
FTR,FRONTIER COMMUNICATIONS CORP,Equity,0.0296,4.33,2966847,$12846448,-,Telecommunication Services,2197933,US35906A1088,NASDAQ
LDOS,SAIC INC,Equity,0.0293,15.07,845338,$12739244,-,Information Technology,B1FWD42,US78390X1019,New York Stock Exchange Inc.
AVY,AVERY DENNISON CORP,Equity,0.0291,42.76,296112,$12661749,-,Materials,2066408,US0536111091,New York Stock Exchange Inc.
JBL,JABIL CIRCUIT INC,Equity,0.0288,22.82,548340,$12513119,-,Information Technology,2471789,US4663131039,New York Stock Exchange Inc.
LEG,LEGGETT & PLATT INC,Equity,0.0283,28.92,424876,$12287414,-,Consumer Discretionary,2510682,US5246601075,New York Stock Exchange Inc.
BMS,BEMIS INC,Equity,0.0280,39.79,305954,$12173910,-,Materials,2090173,US0814371052,New York Stock Exchange Inc.
AIZ,ASSURANT INC,Equity,0.0279,53.04,228918,$12141811,-,Financials,2331430,US04621X1081,New York Stock Exchange Inc.
LSI,LSI CORP,Equity,0.0279,7.41,1634104,$12108711,-,Information Technology,2498993,US5021611026,NASDAQ
THC1,TENET HEALTHCARE CORP,Equity,0.0277,39.05,307749,$12017598,-,Health Care,B8KQLR7,US88033G4073,Boerse Berlin
ETFC,E*TRADE FINANCIAL CORP.,Equity,0.0276,14.04,852807,$11973410,-,Financials,2299011,US2692464017,NASDAQ
PKI,PERKINELMER INC.,Equity,0.0276,35.97,332848,$11972543,-,Health Care,2305844,US7140461093,New York Stock Exchange Inc.
MOLX,MOLEX INC.,Equity,0.0275,29.02,412141,$11960332,-,Information Technology,2599142,US6085541018,NASDAQ
AIV,APARTMENT INVESTMENT & MANAGEMENT,Equity,0.0275,27.53,433847,$11943808,-,Financials,2057059,US03748R1014,New York Stock Exchange Inc.
DNB,DUN & BRADSTREET CORP,Equity,0.0272,99.48,118757,$11813946,-,Industrials,2636254,US26483E1001,New York Stock Exchange Inc.
CVC,CABLEVISION SYSTEMS CORP CLASS A,Equity,0.0263,17.73,643292,$11405567,-,Consumer Discretionary,2162243,US12686C1099,New York Stock Exchange Inc.
WPX,WPX ENERGY INC,Equity,0.0256,18.66,595397,$11110108,-,Energy,B40PCD9,US98212B1035,New York Stock Exchange Inc.
LM,LEGG MASON INC,Equity,0.0248,32.52,331529,$10781323,-,Financials,2510615,US5249011058,New York Stock Exchange Inc.
NDAQ,NASDAQ INC,Equity,0.0241,29.86,350011,$10451328,-,Financials,2965107,US6311031081,NASDAQ
TE,TECO ENERGY INC,Equity,0.0231,16.53,608160,$10052885,-,Utilities,2880255,US8723751009,New York Stock Exchange Inc.
PDCO,PATTERSON COMPANIES INC,Equity,0.0228,39.88,248725,$9919153,-,Health Care,2672689,US7033951036,NASDAQ
PBI,PITNEY BOWES INC,Equity,0.0225,16.32,599066,$9776757,-,Industrials,2690506,US7244791007,New York Stock Exchange Inc.
NFX,NEWFIELD EXPLORATION,Equity,0.0221,23.82,402730,$9593029,-,Energy,2635079,US6512901082,New York Stock Exchange Inc.
CLF,CLIFFS NATURAL RESOURCES INC.,Equity,0.0219,20.87,455224,$9500525,-,Materials,2202707,US18683K1016,New York Stock Exchange Inc.
UNS1,VIAVI SOLUTIONS INC,Equity,0.0208,12.83,703324,$9023647,-,Information Technology,B1G2LW5,US46612J5074,Boerse Stuttgart
TER,TERADYNE INC.,Equity,0.0200,15.35,566858,$8701270,-,Information Technology,2884183,US8807701029,New York Stock Exchange Inc.
R,RYDER SYSTEM INC,Equity,0.0198,55.61,154380,$8585072,-,Industrials,2760669,US7835491082,New York Stock Exchange Inc.
ATI,ALLEGHENY TECHNOLOGIES INC,Equity,0.0197,26.71,321016,$8574337,-,Materials,2526117,US01741R1023,New York Stock Exchange Inc.
ANF,ABERCROMBIE & FITCH CO. CL A,Equity,0.0189,35.31,232961,$8225853,-,Consumer Discretionary,2004185,US0028962076,New York Stock Exchange Inc.
USX1,US STEEL CORP CORP,Equity,0.0177,17.90,429023,$7679512,-,Materials,B1C5WK3,US9129091081,Deutsche Boerse Ag
GHC,GRAHAM HOLDINGS COMPANY CO CLASS B,Equity,0.0175,564.00,13484,$7604976,-,Consumer Discretionary,2942003,US9396401088,New York Stock Exchange Inc.
FSLR,FIRST SOLAR INC,Equity,0.0167,36.72,197546,$7253889,-,Information Technology,B1HMF22,US3364331070,NASDAQ
JCP,JC PENNEY INC,Equity,0.0164,12.48,569960,$7113101,-,Consumer Discretionary,2680303,US7081601061,New York Stock Exchange Inc.
AMD,ADVANCED MICRO DEVICES INC,Equity,0.0136,3.27,1805859,$5905159,-,Information Technology,2007849,US0079031078,NASDAQ
AN,AUTONATION INC,Equity,0.0124,46.74,115287,$5388514,-,Consumer Discretionary,2732635,US05329W1027,New York Stock Exchange Inc.
,,,,,,,,,,,
